-- Заполнение таблицы contact (30 контактов)
INSERT INTO contact (full_name, SNILS, TIN, phone) VALUES
('Иванов Иван Иванович', '11223344556', '770112233445', '+79161234567'),
('Петрова Анна Сергеевна', '22334455667', '770223344556', '+79262345678'),
('Сидоров Дмитрий Петрович', '33445566778', '770334455667', '+79373456789'),
('Кузнецова Елена Викторовна', '44556677889', '770445566778', '+79484567890'),
('Смирнов Алексей Николаевич', '55667788990', '770556677889', '+79595678901'),
('Васильева Ольга Дмитриевна', '66778899001', '770667788990', '+79606789012'),
('Попов Михаил Андреевич', '77889900112', '770778899001', '+79717890123'),
('Новикова Татьяна Ивановна', '88990011223', '770889900112', '+79828901234'),
('Федоров Сергей Владимирович', '99001112234', '770990011122', '+79939012345'),
('Морозова Надежда Павловна', '00112233445', '771001122334', '+79040123456'),
('Волков Андрей Геннадьевич', '11122233344', '771111222333', '+79151234567'),
('Алексеева Ирина Олеговна', '22233344455', '771222333444', '+79262345678'),
('Лебедев Павел Денисович', '33344455566', '771333444555', '+79373456789'),
('Козлова Мария Васильевна', '44455566677', '771444555666', '+79484567890'),
('Егоров Виктор Степанович', '55566677788', '771555666777', '+79595678901'),
('Орлова Юлия Александровна', '66677788899', '771666777888', '+79606789012'),
('Никитин Артем Игоревич', '77788899900', '771777888999', '+79717890123'),
('Белова Екатерина Сергеевна', '88899900011', '771888999000', '+79828901234'),
('Соколов Денис Михайлович', '99900011122', '771999000111', '+79939012345'),
('Кудрявцева Анастасия Андреевна', '00011122233', '772000111222', '+79040123456'),
('Громов Александр Витальевич', '12345678901', '772123456789', '+79151234567'),
('Тихонова Людмила Федоровна', '23456789012', '772234567890', '+79262345678'),
('Филиппов Олег Николаевич', '34567890123', '772345678901', '+79373456789'),
('Семенова Вероника Игоревна', '45678901234', '772456789012', '+79484567890'),
('Давыдов Владислав Олегович', '56789012345', '772567890123', '+79595678901'),
('Мельникова Оксана Дмитриевна', '67890123456', '772678901234', '+79606789012'),
('Романов Станислав Петрович', '78901234567', '772789012345', '+79717890123'),
('Соловьева Галина Васильевна', '89012345678', '772890123456', '+79828901234'),
('Лазарев Игорь Александрович', '90123456789', '772901234567', '+79939012345'),
('Григорьева Тамара Николаевна', '01234567890', '773012345678', '+79040123456');

-- Заполнение таблицы passport (30 паспортов)
INSERT INTO passport (series_number, issued, dpt_code, date_issued, full_name, gender, date_of_birth, place_of_birth, Contact_id) VALUES
('4510123456', 'ОУФМС России по г. Москве', '770101', '2015-03-12', 'Иванов Иван Иванович', 'M', '1980-05-25', 'г. Москва', 1),
('4511654321', 'ОУФМС России по г. Санкт-Петербург', '781102', '2016-07-18', 'Петрова Анна Сергеевна', 'F', '1985-09-14', 'г. Санкт-Петербург', 2),
('4522112233', 'ОУФМС России по г. Казань', '716103', '2017-11-05', 'Сидоров Дмитрий Петрович', 'M', '1975-12-30', 'г. Казань', 3),
('4533445566', 'ОУФМС России по г. Екатеринбург', '660104', '2018-02-20', 'Кузнецова Елена Викторовна', 'F', '1990-07-04', 'г. Екатеринбург', 4),
('4544778899', 'ОУФМС России по г. Новосибирск', '540105', '2019-04-09', 'Смирнов Алексей Николаевич', 'M', '1982-03-15', 'г. Новосибирск', 5),
('4555990011', 'ОУФМС России по г. Ростов-на-Дону', '610106', '2020-08-22', 'Васильева Ольга Дмитриевна', 'F', '1995-10-11', 'г. Ростов-на-Дону', 6),
('4566223344', 'ОУФМС России по г. Краснодар', '230107', '2021-01-14', 'Попов Михаил Андреевич', 'M', '1978-11-09', 'г. Краснодар', 7),
('4577556677', 'ОУФМС России по г. Сочи', '230108', '2022-05-30', 'Новикова Татьяна Ивановна', 'F', '1987-06-18', 'г. Сочи', 8),
('4588889900', 'ОУФМС России по г. Владивосток', '250109', '2023-09-11', 'Федоров Сергей Владимирович', 'M', '1992-02-28', 'г. Владивосток', 9),
('4599112233', 'ОУФМС России по г. Хабаровск', '270110', '2014-12-25', 'Морозова Надежда Павловна', 'F', '1983-04-05', 'г. Хабаровск', 10),
('4600334455', 'ОУФМС России по г. Калининград', '390111', '2016-06-17', 'Волков Андрей Геннадьевич', 'M', '1976-08-12', 'г. Калининград', 11),
('4611556677', 'ОУФМС России по г. Самара', '630112', '2017-10-08', 'Алексеева Ирина Олеговна', 'F', '1991-01-19', 'г. Самара', 12),
('4622778899', 'ОУФМС России по г. Омск', '550113', '2018-03-03', 'Лебедев Павел Денисович', 'M', '1989-07-23', 'г. Омск', 13),
('4633990011', 'ОУФМС России по г. Челябинск', '740114', '2019-07-19', 'Козлова Мария Васильевна', 'F', '1984-12-14', 'г. Челябинск', 14),
('4644112233', 'ОУФМС России по г. Уфа', '020115', '2020-11-27', 'Егоров Виктор Степанович', 'M', '1973-09-07', 'г. Уфа', 15),
('4655334455', 'ОУФМС России по г. Пермь', '590116', '2021-04-05', 'Орлова Юлия Александровна', 'F', '1993-05-30', 'г. Пермь', 16),
('4666556677', 'ОУФМС России по г. Воронеж', '360117', '2022-08-14', 'Никитин Артем Игоревич', 'M', '1981-11-21', 'г. Воронеж', 17),
('4677778899', 'ОУФМС России по г. Волгоград', '340118', '2023-02-09', 'Белова Екатерина Сергеевна', 'F', '1994-03-08', 'г. Волгоград', 18),
('4688990011', 'ОУФМС России по г. Красноярск', '240119', '2015-05-18', 'Соколов Денис Михайлович', 'M', '1986-06-25', 'г. Красноярск', 19),
('4699112233', 'ОУФМС России по г. Иркутск', '380120', '2016-09-22', 'Кудрявцева Анастасия Андреевна', 'F', '1997-08-17', 'г. Иркутск', 20),
('4700334455', 'ОУФМС России по г. Тюмень', '720121', '2017-12-11', 'Громов Александр Витальевич', 'M', '1979-10-03', 'г. Тюмень', 21),
('4711556677', 'ОУФМС России по г. Томск', '690122', '2018-04-28', 'Тихонова Людмила Федоровна', 'F', '1988-02-14', 'г. Томск', 22),
('4722778899', 'ОУФМС России по г. Барнаул', '220123', '2019-08-07', 'Филиппов Олег Николаевич', 'M', '1990-07-19', 'г. Барнаул', 23),
('4733990011', 'ОУФМС России по г. Кемерово', '420124', '2020-10-15', 'Семенова Вероника Игоревна', 'F', '1985-12-24', 'г. Кемерово', 24),
('4744112233', 'ОУФМС России по г. Новокузнецк', '420125', '2021-03-21', 'Давыдов Владислав Олегович', 'M', '1977-01-11', 'г. Новокузнецк', 25),
('4755334455', 'ОУФМС России по г. Саратов', '630126', '2022-06-30', 'Мельникова Оксана Дмитриевна', 'F', '1996-04-09', 'г. Саратов', 26),
('4766556677', 'ОУФМС России по г. Пенза', '580127', '2023-01-12', 'Романов Станислав Петрович', 'M', '1980-09-27', 'г. Пенза', 27),
('4777778899', 'ОУФМС России по г. Липецк', '480128', '2014-07-05', 'Соловьева Галина Васильевна', 'F', '1974-11-13', 'г. Липецк', 28),
('4788990011', 'ОУФМС России по г. Тверь', '280129', '2015-10-20', 'Лазарев Игорь Александрович', 'M', '1991-03-22', 'г. Тверь', 29),
('4799112233', 'ОУФМС России по г. Ярославль', '780130', '2016-02-14', 'Григорьева Тамара Николаевна', 'F', '1983-08-07', 'г. Ярославль', 30);

-- Заполнение таблицы vehicle (30 транспортных средств)
INSERT INTO vehicle (brand, model, gos_number, PTS, STS) VALUES
('Lada', 'Granta', 'А123АА777', '123456789012345', '1234567890'),
('Kia', 'Rio', 'В234ВВ777', '234567890123456', '2345678901'),
('Hyundai', 'Solaris', 'С345СС777', '345678901234567', '3456789012'),
('Toyota', 'Camry', 'Е456ЕЕ777', '456789012345678', '4567890123'),
('Renault', 'Logan', 'К567КК777', '567890123456789', '5678901234'),
('Nissan', 'Qashqai', 'М678ММ777', '678901234567890', '6789012345'),
('Volkswagen', 'Polo', 'Н789НН777', '789012345678901', '7890123456'),
('Skoda', 'Rapid', 'О890ОО777', '890123456789012', '8901234567'),
('Ford', 'Focus', 'Р901РР777', '901234567890123', '9012345678'),
('Chevrolet', 'Cruze', 'Т012ТТ777', '012345678901234', '0123456789'),
('Lada', 'Vesta', 'А111АА777', '111111111111111', '1111111111'),
('Kia', 'Sportage', 'В222ВВ777', '222222222222222', '2222222222'),
('Hyundai', 'Creta', 'С333СС777', '333333333333333', '3333333333'),
('Toyota', 'RAV4', 'Е444ЕЕ777', '444444444444444', '4444444444'),
('Renault', 'Duster', 'К555КК777', '555555555555555', '5555555555'),
('Nissan', 'X-Trail', 'М666ММ777', '666666666666666', '6666666666'),
('Volkswagen', 'Tiguan', 'Н777НН777', '777777777777777', '7777777777'),
('Skoda', 'Octavia', 'О888ОО777', '888888888888888', '8888888888'),
('Ford', 'Kuga', 'Р999РР777', '999999999999999', '9999999999'),
('Chevrolet', 'Niva', 'Т000ТТ777', '000000000000000', '0000000000'),
('Lada', 'Niva', 'А001АА777', '111122223333444', '1111222233'),
('Kia', 'Sorento', 'В002ВВ777', '222233334444555', '2222333344'),
('Hyundai', 'Tucson', 'С003СС777', '333344445555666', '3333444455'),
('Toyota', 'Land Cruiser', 'Е004ЕЕ777', '444455556666777', '4444555566'),
('Renault', 'Arkana', 'К005КК777', '555566667777888', '5555666677'),
('Nissan', 'Murano', 'М006ММ777', '666677778888999', '6666777788'),
('Volkswagen', 'Touareg', 'Н007НН777', '777788889999000', '7777888899'),
('Skoda', 'Kodiaq', 'О008ОО777', '888899990000111', '8888999900'),
('Ford', 'Explorer', 'Р009РР777', '999900001111222', '9999000011'),
('Chevrolet', 'Trailblazer', 'Т010ТТ777', '000011112222333', '0000111122');

-- Заполнение таблицы tachograph (30 тахографов)
INSERT INTO tachograph (manufacturer, model, serial_number, vehicle_id, contact_id) VALUES
('Штрих', 'Т-001', 'SHTRIX001ABCDEF', 1, 1),
('Атол', 'АТ-500', 'ATOL50012345678', 2, 2),
('Меркурий', 'MCR-200', 'MERCURY2000ABCD', 3, 3),
('Штрих', 'Т-002', 'SHTRIX002GHIJKL', 4, 4),
('Атол', 'АТ-501', 'ATOL50123456789', 5, 5),
('Меркурий', 'MCR-201', 'MERCURY2010BCDE', 6, 6),
('Штрих', 'Т-003', 'SHTRIX003MNOPQR', 7, 7),
('Атол', 'АТ-502', 'ATOL50234567890', 8, 8),
('Меркурий', 'MCR-202', 'MERCURY2020CDEF', 9, 9),
('Штрих', 'Т-004', 'SHTRIX004STUVWX', 10, 10),
('Атол', 'АТ-503', 'ATOL50345678901', 11, 11),
('Меркурий', 'MCR-203', 'MERCURY2030DEFG', 12, 12),
('Штрих', 'Т-005', 'SHTRIX005YZABCD', 13, 13),
('Атол', 'АТ-504', 'ATOL50456789012', 14, 14),
('Меркурий', 'MCR-204', 'MERCURY2040EFGH', 15, 15),
('Штрих', 'Т-006', 'SHTRIX006EFGHIJ', 16, 16),
('Атол', 'АТ-505', 'ATOL50567890123', 17, 17),
('Меркурий', 'MCR-205', 'MERCURY2050FGHI', 18, 18),
('Штрих', 'Т-007', 'SHTRIX007KLMNOP', 19, 19),
('Атол', 'АТ-506', 'ATOL50678901234', 20, 20),
('Меркурий', 'MCR-206', 'MERCURY2060HIJK', 21, 21),
('Штрих', 'Т-008', 'SHTRIX008QRSTUV', 22, 22),
('Атол', 'АТ-507', 'ATOL50789012345', 23, 23),
('Меркурий', 'MCR-207', 'MERCURY2070IJKL', 24, 24),
('Штрих', 'Т-009', 'SHTRIX009WXYZAB', 25, 25),
('Атол', 'АТ-508', 'ATOL50890123456', 26, 26),
('Меркурий', 'MCR-208', 'MERCURY2080JKLM', 27, 27),
('Штрих', 'Т-010', 'SHTRIX010CDEFGH', 28, 28),
('Атол', 'АТ-509', 'ATOL50901234567', 29, 29),
('Меркурий', 'MCR-209', 'MERCURY2090LMNO', 30, 30);

-- Заполнение таблицы mrp (10 МЧД)
INSERT INTO mrp (source_path, date_start, date_end, contact_id) VALUES
('6425545465', '2023-01-01 08:00:00', '2023-12-31 20:00:00', 1),
('7864523834', '2023-02-15 09:30:00', '2023-11-30 18:45:00', 2),
('7256232463', '2023-03-10 10:15:00', '2024-01-15 17:30:00', 3),
('7305739374', '2023-04-20 11:00:00', '2023-10-10 19:00:00', 4),
('2398484094', '2023-05-05 07:45:00', '2024-02-28 16:15:00', 5),
('9463937584', '2023-06-18 12:20:00', '2023-09-01 15:00:00', 6),
('3459485303', '2023-07-22 13:10:00', '2024-03-10 14:45:00', 7),
('9742467548', '2023-08-30 14:00:00', '2023-12-15 21:30:00', 8),
('4285756427', '2023-09-12 15:30:00', '2024-04-20 22:00:00', 9),
('4246876253', '2023-10-25 16:45:00', '2024-05-05 23:59:00', 10);